{"pc":{"c0": {"nom":"Sol","is":2, "gdec":89.11073747841728, "gdeg":89, "rsgdeg":29, "mdeg":6, "sdeg":38, "ih":5, "dh":5.084946483373643, "retro":1},"c1": {"nom":"Luna","is":7, "gdec":236.90043378945262, "gdeg":236, "rsgdeg":26, "mdeg":54, "sdeg":1, "ih":10, "dh":10.12755598127842, "retro":1},"c2": {"nom":"Mercurio","is":2, "gdec":75.1045908117846, "gdeg":75, "rsgdeg":15, "mdeg":6, "sdeg":16, "ih":4, "dh":4.704477146267892, "retro":0},"c3": {"nom":"Venus","is":4, "gdec":134.45937343697767, "gdeg":134, "rsgdeg":14, "mdeg":27, "sdeg":33, "ih":6, "dh":6.533106803894044, "retro":1},"c4": {"nom":"Marte","is":0, "gdec":22.755094143701147, "gdeg":22, "rsgdeg":22, "mdeg":45, "sdeg":18, "ih":3, "dh":3.1055607199668884, "retro":1},"c5": {"nom":"Júpiter","is":0, "gdec":20.19096931321273, "gdeg":20, "rsgdeg":20, "mdeg":11, "sdeg":27, "ih":3, "dh":3.0208184719085693, "retro":1},"c6": {"nom":"Saturno","is":3, "gdec":109.36190504103858, "gdeg":109, "rsgdeg":19, "mdeg":21, "sdeg":42, "ih":5, "dh":5.714133173227311, "retro":1},"c7": {"nom":"Urano","is":6, "gdec":208.4695513025334, "gdeg":208, "rsgdeg":28, "mdeg":28, "sdeg":10, "ih":9, "dh":9.279513150453568, "retro":0},"c8": {"nom":"Neptuno","is":8, "gdec":249.9078633270458, "gdeg":249, "rsgdeg":9, "mdeg":54, "sdeg":28, "ih":10, "dh":10.526315793395042, "retro":-1},"c9": {"nom":"Plutón","is":6, "gdec":186.48529984097542, "gdeg":186, "rsgdeg":6, "mdeg":29, "sdeg":7, "ih":8, "dh":8, "retro":1},"c10": {"nom":"Nodo Norte","is":8, "gdec":240.79267458213786, "gdeg":240, "rsgdeg":0, "mdeg":47, "sdeg":33, "ih":10, "dh":10.244811698794365, "retro":1},"c11": {"nom":"Nodo Sur","is":2, "gdec":60.79267458213786, "gdeg":60, "rsgdeg":0, "mdeg":47, "sdeg":33, "ih":4, "dh":4.178506061434747, "retro":0},"c12": {"nom":"Quirón","is":0, "gdec":27.422900347860313, "gdeg":27, "rsgdeg":27, "mdeg":25, "sdeg":22, "ih":3, "dh":3.2405523657798767, "retro":-1},"c13": {"nom":"Selena","is":6, "gdec":208.62292222848794, "gdeg":208, "rsgdeg":28, "mdeg":37, "sdeg":22, "ih":9, "dh":9.28103843331337, "retro":0},"c14": {"nom":"Lilith","is":11, "gdec":345.19517710786675, "gdeg":345, "rsgdeg":15, "mdeg":11, "sdeg":42, "ih":1, "dh":1.790896713733673, "retro":-1},"c15": {"nom":"Pholus","is":11, "gdec":343.44239786211466, "gdeg":343, "rsgdeg":13, "mdeg":26, "sdeg":32, "ih":1, "dh":1.6078363060951233, "retro":-1},"c16": {"nom":"Ceres","is":1, "gdec":48.1790006620379, "gdeg":48, "rsgdeg":18, "mdeg":10, "sdeg":44, "ih":3, "dh":3.920401245355606, "retro":-1},"c17": {"nom":"Pallas","is":0, "gdec":3.5008863853498204, "gdeg":3, "rsgdeg":3, "mdeg":30, "sdeg":3, "ih":2, "dh":2.4439876079559326, "retro":-1},"c18": {"nom":"Juno","is":2, "gdec":87.14404556799568, "gdeg":87, "rsgdeg":27, "mdeg":8, "sdeg":38, "ih":5, "dh":5.101919233798982, "retro":-1},"c19": {"nom":"Vesta","is":11, "gdec":356.5112580888609, "gdeg":356, "rsgdeg":26, "mdeg":30, "sdeg":40, "ih":2, "dh":2.2058577835559845, "retro":-1}},"ph":{"h1": {"is":10, "gdec":326.96289467483695,"rsgdeg":26, "gdeg":326,"mdeg":57,"sdeg":46},"h2": {"is":11, "gdec":351.0287220149698,"rsgdeg":21, "gdeg":351,"mdeg":1,"sdeg":43},"h3": {"is":0, "gdec":19.737277567591903,"rsgdeg":19, "gdeg":19,"mdeg":44,"sdeg":14},"h4": {"is":1, "gdec":52.474045192427695,"rsgdeg":22, "gdeg":52,"mdeg":28,"sdeg":26},"h5": {"is":2, "gdec":86.29634823777451,"rsgdeg":26, "gdeg":86,"mdeg":17,"sdeg":46},"h6": {"is":3, "gdec":118.20799143943435,"rsgdeg":28, "gdeg":118,"mdeg":12,"sdeg":28},"h7": {"is":4, "gdec":146.96289467483695,"rsgdeg":26, "gdeg":146,"mdeg":57,"sdeg":46},"h8": {"is":5, "gdec":171.02872201496984,"rsgdeg":21, "gdeg":171,"mdeg":1,"sdeg":43},"h9": {"is":6, "gdec":199.7372775675919,"rsgdeg":19, "gdeg":199,"mdeg":44,"sdeg":14},"h10": {"is":7, "gdec":232.4740451924277,"rsgdeg":22, "gdeg":232,"mdeg":28,"sdeg":26},"h11": {"is":8, "gdec":266.2963482377745,"rsgdeg":26, "gdeg":266,"mdeg":17,"sdeg":46},"h12": {"is":9, "gdec":298.20799143943435,"rsgdeg":28, "gdeg":298,"mdeg":12,"sdeg":28}},"asps":{"asp0": {"ic1":0, "ic2":17, "c1":"Sol", "c2":"Ceres", "ia":1,"gdeg1":89.11073747841728,"gdeg2":3.5008863853498204,"dga":85.60985109306746},"asp1": {"ic1":0, "ic2":18, "c1":"Sol", "c2":"Pallas", "ia":3,"gdeg1":89.11073747841728,"gdeg2":87.14404556799568,"dga":1.966691910421602},"asp2": {"ic1":0, "ic2":19, "c1":"Sol", "c2":"Juno", "ia":1,"gdeg1":89.11073747841728,"gdeg2":356.5112580888609,"dga":92.59947938955634},"asp3": {"ic1":1, "ic2":6, "c1":"Luna", "c2":"Júpiter", "ia":2,"gdeg1":236.90043378945262,"gdeg2":109.36190504103858,"dga":127.53852874841404},"asp4": {"ic1":1, "ic2":10, "c1":"Luna", "c2":"Plutón", "ia":3,"gdeg1":236.90043378945262,"gdeg2":240.79267458213786,"dga":356.10775920731476},"asp5": {"ic1":1, "ic2":11, "c1":"Luna", "c2":"Nodo Norte", "ia":0,"gdeg1":236.90043378945262,"gdeg2":60.79267458213786,"dga":176.10775920731476},"asp6": {"ic1":1, "ic2":16, "c1":"Luna", "c2":"Pholus", "ia":0,"gdeg1":236.90043378945262,"gdeg2":48.1790006620379,"dga":188.7214331274147},"asp7": {"ic1":2, "ic2":8, "c1":"Mercurio", "c2":"Urano", "ia":0,"gdeg1":75.1045908117846,"gdeg2":249.9078633270458,"dga":185.1967274847388},"asp8": {"ic1":2, "ic2":14, "c1":"Mercurio", "c2":"Selena", "ia":1,"gdeg1":75.1045908117846,"gdeg2":345.19517710786675,"dga":89.90941370391783},"asp9": {"ic1":2, "ic2":15, "c1":"Mercurio", "c2":"Lilith", "ia":1,"gdeg1":75.1045908117846,"gdeg2":343.44239786211466,"dga":91.66219294966993},"asp10": {"ic1":3, "ic2":5, "c1":"Venus", "c2":"Marte", "ia":2,"gdeg1":134.45937343697767,"gdeg2":20.19096931321273,"dga":114.26840412376494},"asp11": {"ic1":3, "ic2":16, "c1":"Venus", "c2":"Pholus", "ia":1,"gdeg1":134.45937343697767,"gdeg2":48.1790006620379,"dga":86.28037277493976},"asp12": {"ic1":4, "ic2":6, "c1":"Marte", "c2":"Júpiter", "ia":1,"gdeg1":22.755094143701147,"gdeg2":109.36190504103858,"dga":273.3931891026626},"asp13": {"ic1":4, "ic2":7, "c1":"Marte", "c2":"Saturno", "ia":0,"gdeg1":22.755094143701147,"gdeg2":208.4695513025334,"dga":174.28554284116774},"asp14": {"ic1":4, "ic2":12, "c1":"Marte", "c2":"Nodo Sur", "ia":3,"gdeg1":22.755094143701147,"gdeg2":27.422900347860313,"dga":355.33219379584085},"asp15": {"ic1":4, "ic2":13, "c1":"Marte", "c2":"Quirón", "ia":0,"gdeg1":22.755094143701147,"gdeg2":208.62292222848794,"dga":174.1321719152132},"asp16": {"ic1":5, "ic2":4, "c1":"Júpiter", "c2":"Marte", "ia":3,"gdeg1":20.19096931321273,"gdeg2":22.755094143701147,"dga":357.4358751695116},"asp17": {"ic1":5, "ic2":12, "c1":"Júpiter", "c2":"Nodo Sur", "ia":3,"gdeg1":20.19096931321273,"gdeg2":27.422900347860313,"dga":352.7680689653524},"asp18": {"ic1":6, "ic2":4, "c1":"Saturno", "c2":"Marte", "ia":1,"gdeg1":109.36190504103858,"gdeg2":22.755094143701147,"dga":86.60681089733744},"asp19": {"ic1":6, "ic2":5, "c1":"Saturno", "c2":"Júpiter", "ia":1,"gdeg1":109.36190504103858,"gdeg2":20.19096931321273,"dga":89.17093572782585},"asp20": {"ic1":6, "ic2":14, "c1":"Saturno", "c2":"Selena", "ia":2,"gdeg1":109.36190504103858,"gdeg2":345.19517710786675,"dga":124.16672793317184},"asp21": {"ic1":6, "ic2":15, "c1":"Saturno", "c2":"Lilith", "ia":2,"gdeg1":109.36190504103858,"gdeg2":343.44239786211466,"dga":125.91950717892394},"asp22": {"ic1":6, "ic2":19, "c1":"Saturno", "c2":"Juno", "ia":2,"gdeg1":109.36190504103858,"gdeg2":356.5112580888609,"dga":112.85064695217767},"asp23": {"ic1":7, "ic2":0, "c1":"Urano", "c2":"Sol", "ia":2,"gdeg1":208.4695513025334,"gdeg2":89.11073747841728,"dga":119.35881382411613},"asp24": {"ic1":7, "ic2":4, "c1":"Urano", "c2":"Marte", "ia":0,"gdeg1":208.4695513025334,"gdeg2":22.755094143701147,"dga":185.71445715883226},"asp25": {"ic1":7, "ic2":12, "c1":"Urano", "c2":"Nodo Sur", "ia":0,"gdeg1":208.4695513025334,"gdeg2":27.422900347860313,"dga":181.04665095467308},"asp26": {"ic1":7, "ic2":13, "c1":"Urano", "c2":"Quirón", "ia":3,"gdeg1":208.4695513025334,"gdeg2":208.62292222848794,"dga":359.8466290740455},"asp27": {"ic1":7, "ic2":18, "c1":"Urano", "c2":"Pallas", "ia":2,"gdeg1":208.4695513025334,"gdeg2":87.14404556799568,"dga":121.32550573453773},"asp28": {"ic1":8,